contract_id,contract_name,address,file_path,compiler_version,data_source,has_reentrancy,has_access_control_issues,has_timestamp_dependency,has_unchecked_call,has_reentrancy_unlimited,has_reentrancy_benign,has_reentrancy_events,has_unchecked_transfer,has_controlled_delegatecall,has_delegatecall_loop,has_uninitialized_state,has_uninitialized_storage,has_uninitialized_local,has_tx_origin,has_inline_assembly,has_locked_ether,has_msg_value_loop,has_shadowing_state,has_shadowing_builtin,has_shadowing_abstract,has_unused_state_vars,has_unused_return_values,has_incorrect_solc_version,has_floating_pragma,has_outdated_compiler,high_severity_count,medium_severity_count,low_severity_count,num_external_calls,num_state_vars,num_modifiers,max_cyclomatic_complexity,num_low_level_calls,num_payable_functions,num_library_calls,inheritance_depth,high_confidence_detectors,medium_confidence_detectors,security_detectors_triggered,optimization_detectors_triggered,total_detector_hits,unique_vulnerability_types,risk_score_simple,risk_score_weighted,is_high_risk,failure_reason,error_message,cfg_num_nodes,cfg_num_edges,cfg_num_cycles,cfg_max_depth,cfg_avg_branching,cfg_has_complex_loops,cfg_num_exit_points,cfg_cyclomatic_total,cg_num_nodes,cg_num_edges,cg_max_call_depth,cg_num_external_calls,cg_external_call_ratio,cg_has_cyclic_calls,cg_num_public_entry_points,cg_num_internal_functions,cg_avg_calls_per_function,cg_num_leaf_functions,dfg_num_state_vars,dfg_num_tainted_flows,dfg_has_cross_function_flow,dfg_num_sensitive_sinks,dfg_num_external_sources,dfg_taint_to_sink_ratio,dfg_num_unvalidated_inputs,label
464,OxO,0x5a3e6A7700000000000000000000000000000000,blockchain/contracts/collected/OxO_0x5a3e6A77.sol,,manual,1,1,0,0,1,1,1,1,0,0,0,0,0,0,0,0,0,1,0,0,0,1,1,0,0,4,2,23,20,22,1,17,0,1,5,2,18,16,6,3,13,5,73.0,163.96923076923073,1,,,139,124,2,18,0.8920863309352518,0,9,47,25,41,3,20,0.32786885245901637,0,19,6,1.64,17,22,8,1,4,21,2.0,12,
465,SushiToken,0x6b35950600000000000000000000000000000000,blockchain/contracts/collected/SushiToken_0x6b359506.sol,,manual,0,0,1,1,0,0,0,0,0,0,0,0,0,0,1,0,0,1,0,0,0,0,1,1,0,0,1,35,5,6,0,14,0,0,2,2,20,16,1,0,10,5,40.0,124.79999999999998,1,,,95,91,2,19,0.9578947368421052,1,12,38,12,20,5,5,0.2,0,6,6,1.6666666666666667,12,6,4,1,0,24,0.0,10,
466,SDAO,0xc20059e000000000000000000000000000000000,blockchain/contracts/collected/SDAO_0xc20059e0,,manual,0,0,1,1,0,0,0,0,0,0,0,0,0,0,1,0,0,0,0,0,0,0,1,0,0,0,0,7,8,12,1,7,1,0,0,0,6,1,0,0,5,4,7.0,9.379999999999999,1,,,115,108,0,11,0.9391304347826087,0,9,36,15,28,2,8,0.2222222222222222,1,12,3,1.8666666666666667,13,12,13,1,2,33,6.5,13,
471,ERC1967Proxy,0x534D1F5E00000000000000000000000000000000,blockchain/contracts/collected/ERC1967Proxy_0x534D1F5E.sol,,manual,0,0,0,1,0,0,1,0,0,0,0,0,0,0,1,0,0,1,0,0,0,1,1,0,0,6,4,34,1,0,0,1,0,1,0,1,18,26,10,0,10,5,114.0,412.67999999999995,1,,,8,5,0,2,0.625,0,1,3,3,4,1,1,0.2,0,1,2,1.3333333333333333,5,0,0,1,0,2,0.0,1,
473,NumeraireBackend,0x1776e1f200000000000000000000000000000000,blockchain/contracts/collected/NumeraireBackend_0x1776e1f2.sol,,manual,0,0,1,1,0,0,0,1,1,0,1,0,0,0,0,0,0,1,0,0,1,0,1,0,0,11,1,111,13,7,0,3,9,0,0,2,108,22,12,0,17,6,226.0,1640.4941176470588,1,,,112,90,0,10,0.8035714285714286,0,19,26,22,46,1,13,0.22033898305084745,0,20,2,2.090909090909091,17,7,16,1,11,54,1.4545454545454546,19,
477,UwU,0x55C08ca500000000000000000000000000000000,blockchain/contracts/collected/UwU_0x55C08ca5.sol,,manual,0,0,1,0,0,0,0,0,0,0,0,0,0,0,1,0,0,0,0,0,0,1,1,0,0,0,4,29,11,7,2,1,0,0,11,2,9,24,4,0,7,4,49.0,180.60000000000002,1,,,41,30,0,5,0.7317073170731707,0,2,11,11,14,2,11,0.44,0,8,3,1.2727272727272727,7,7,6,1,0,12,0.0,8,
478,Proxy,0x7712c34200000000000000000000000000000000,blockchain/contracts/collected/Proxy_0x7712c342.sol,,manual,0,0,0,0,0,0,0,0,0,0,0,0,0,0,1,0,0,0,0,0,0,0,1,0,0,0,0,7,0,2,1,3,0,0,0,0,5,2,0,0,4,2,7.0,11.2,0,,,29,26,0,17,0.896551724137931,0,0,6,4,12,1,0,0.0,0,4,0,3.0,12,2,2,1,0,2,0.0,2,
481,DODOToken,0x43Dfc41500000000000000000000000000000000,blockchain/contracts/collected/DODOToken_0x43Dfc415.sol,,manual,0,0,0,0,0,0,0,0,0,0,0,0,0,0,0,0,0,0,0,0,0,0,1,0,0,0,0,7,5,6,0,1,0,0,4,0,6,5,0,0,4,1,7.0,16.625,0,,,28,21,0,7,0.75,0,5,7,7,2,1,5,0.7142857142857143,0,6,1,0.2857142857142857,6,6,3,1,2,10,1.5,5,
492,AjnaToken,0x9a96ec9b00000000000000000000000000000000,blockchain/contracts/collected/AjnaToken_0x9a96ec9b,,manual,0,0,0,0,0,0,0,0,0,0,0,0,0,0,0,0,0,0,0,0,0,0,1,0,0,0,0,2,0,0,0,0,0,0,0,0,2,0,0,0,1,1,2.0,4.0,0,,,0,0,0,0,0.0,0,0,0,0,0,0,0,0.0,0,0,0,0.0,0,0,0,0,0,0,0.0,0,
493,Uni,0x1f9840a800000000000000000000000000000000,blockchain/contracts/collected/Uni_0x1f9840a8.sol,,manual,0,0,1,0,0,0,0,0,0,0,0,0,0,0,1,0,0,0,0,0,0,0,1,0,0,0,1,15,10,17,0,14,0,0,3,0,4,12,1,0,6,3,20.0,41.33333333333333,1,,,176,163,2,19,0.9261363636363636,1,19,56,24,42,4,10,0.19230769230769232,0,13,11,1.75,10,17,10,1,0,55,0.0,21,
497,HFT,0xb3999f6500000000000000000000000000000000,blockchain/contracts/collected/HFT_0xb3999f65.sol,,manual,0,0,1,0,0,0,0,0,0,0,0,0,0,0,1,0,0,0,0,0,0,0,1,0,0,0,1,17,10,17,0,14,0,0,3,0,4,14,1,0,5,3,22.0,60.72,1,,,193,176,2,19,0.9119170984455959,1,21,60,28,47,4,10,0.17543859649122806,0,16,12,1.6785714285714286,10,17,11,1,0,62,0.0,25,
500,SirenToken,0xD23Ac27100000000000000000000000000000000,blockchain/contracts/collected/SirenToken_0xD23Ac271.sol,,manual,0,0,1,0,0,0,0,0,0,0,0,0,0,0,1,0,0,0,0,0,0,0,1,0,0,0,1,6,3,12,0,14,0,0,0,0,6,1,1,0,5,3,11.0,14.74,1,,,143,133,2,19,0.9300699300699301,1,19,50,20,30,4,3,0.09090909090909091,0,10,10,1.5,10,12,7,1,0,43,0.0,18,
505,USF,0xe0e05c4300000000000000000000000000000000,blockchain/contracts/collected/USF_0xe0e05c43.sol,,manual,0,0,1,0,0,0,0,0,0,0,0,0,0,0,1,0,0,0,0,0,0,0,1,0,0,0,1,5,3,12,0,14,0,0,0,0,4,2,1,0,5,3,10.0,10.8,1,,,139,129,2,19,0.9280575539568345,1,19,50,20,29,4,3,0.09375,0,10,10,1.45,10,12,7,1,0,43,0.0,18,
506,ValueLiquidityToken,0x49e8333300000000000000000000000000000000,blockchain/contracts/collected/ValueLiquidityToken_0x49e83333.sol,,manual,0,0,1,1,0,1,1,0,0,0,0,0,0,0,1,0,0,1,0,0,0,0,1,0,0,0,1,45,16,11,0,14,0,0,11,2,26,21,1,1,14,6,50.0,145.35714285714286,1,,,145,132,2,19,0.9103448275862069,1,12,53,23,40,5,16,0.2857142857142857,1,16,7,1.7391304347826086,15,11,14,1,4,41,3.5,21,
507,ANKRToken,0x8290333c00000000000000000000000000000000,blockchain/contracts/collected/ANKRToken_0x8290333c.sol,,manual,0,0,0,0,0,0,0,0,0,0,0,0,0,0,0,0,0,0,0,0,0,0,1,0,0,0,0,21,0,4,0,1,0,0,0,3,21,3,0,0,6,1,21.0,80.85,1,,,8,6,0,3,0.75,0,0,2,2,0,0,0,0.0,0,1,1,0.0,2,4,0,1,0,0,0.0,0,
511,Elk,0xeEeEEb5700000000000000000000000000000000,blockchain/contracts/collected/Elk_0xeEeEEb57.sol,,manual,0,0,1,0,0,0,0,0,0,0,0,0,0,0,1,0,0,1,0,0,0,0,1,1,0,0,1,65,0,0,0,1,0,0,0,3,32,34,1,0,8,4,70.0,488.25,1,,,15,9,0,3,0.6,0,0,6,6,10,1,0,0.0,1,2,4,1.6666666666666667,3,0,0,0,0,10,0.0,4,
513,AdminUpgradeabilityProxy,0xF88b137c00000000000000000000000000000000,blockchain/contracts/collected/AdminUpgradeabilityProxy_0xF88b137c.sol,,manual,0,0,0,1,0,0,0,0,0,0,0,0,0,0,1,0,0,1,0,0,0,0,1,0,0,6,0,29,1,1,1,1,1,2,0,2,17,18,6,0,8,4,89.0,329.3,1,,,39,29,0,5,0.7435897435897436,0,2,10,10,22,2,1,0.043478260869565216,1,6,4,2.2,10,1,1,1,1,8,1.0,5,
514,XDEX,0x0000000000000000000000000000000000000000,blockchain/contracts/collected/XDEX_0x00000000.sol,,manual,0,0,0,0,0,0,0,0,0,0,0,0,0,0,0,0,0,1,0,0,0,0,1,1,0,0,0,22,0,1,1,1,0,0,0,2,14,8,0,0,7,2,22.0,61.599999999999994,1,,,12,8,0,3,0.6666666666666666,0,0,4,4,5,1,0,0.0,1,4,0,1.25,3,1,1,1,0,4,0.0,3,
515,PickleToken,0x4298816700000000000000000000000000000000,blockchain/contracts/collected/PickleToken_0x42988167.sol,,manual,0,0,0,1,0,0,0,0,0,0,0,0,0,0,1,0,0,1,0,0,0,0,1,1,0,0,0,34,0,0,0,1,0,0,0,2,18,16,0,0,8,4,34.0,124.1,1,,,3,2,0,2,0.6666666666666666,0,0,1,1,2,1,0,0.0,0,1,0,2.0,2,0,0,0,0,2,0.0,1,
518,LRC_v2,0xbbbbca6a00000000000000000000000000000000,blockchain/contracts/collected/LRC_v2_0xbbbbca6a.sol,,manual,0,0,0,0,0,0,0,0,0,0,0,0,0,0,0,1,0,0,0,0,0,0,1,0,0,0,1,24,0,3,0,4,0,1,0,3,24,4,1,2,6,2,29.0,129.53333333333333,1,,,17,14,1,6,0.8235294117647058,0,1,7,4,4,1,0,0.0,0,3,1,1.0,6,3,0,1,0,2,0.0,1,
521,DextfToken,0x5f64ab1500000000000000000000000000000000,blockchain/contracts/collected/DextfToken_0x5f64ab15.sol,,manual,0,0,0,1,0,0,0,0,0,0,0,0,0,0,1,0,0,1,0,0,0,0,1,0,0,0,0,25,0,1,0,1,0,0,0,2,10,16,0,0,7,4,25.0,75.71428571428572,1,,,4,2,0,2,0.5,0,0,2,2,2,1,0,0.0,1,1,1,1.0,2,1,0,1,0,0,0.0,0,
523,IndexToken,0x0954906d00000000000000000000000000000000,blockchain/contracts/collected/IndexToken_0x0954906d.sol,,manual,0,0,1,0,0,0,0,0,0,0,0,0,0,0,1,0,0,0,0,0,0,0,1,0,0,0,1,5,3,12,0,14,0,0,0,0,4,2,1,0,5,3,10.0,10.8,1,,,141,131,2,19,0.9290780141843972,1,19,50,20,30,4,3,0.09090909090909091,0,10,10,1.5,10,12,7,1,0,43,0.0,18,
524,SNT,0x744d70fd00000000000000000000000000000000,blockchain/contracts/collected/SNT_0x744d70fd.sol,,manual,1,0,1,0,1,1,1,1,0,0,0,0,0,0,1,0,0,1,0,0,0,1,1,0,0,6,12,151,0,0,0,1,0,0,0,2,117,58,18,3,22,7,271.0,1941.3454545454542,1,,,3,1,0,1,0.3333333333333333,0,0,2,2,1,1,0,0.0,0,1,1,0.5,2,0,0,0,0,1,0.0,1,
525,Chiba,0xa5c45d4800000000000000000000000000000000,blockchain/contracts/collected/Chiba_0xa5c45d48.sol,,manual,1,0,1,0,0,1,1,0,0,0,0,0,0,0,0,0,0,1,0,0,0,1,1,0,0,1,2,15,10,8,0,7,0,2,0,2,11,11,3,2,13,4,35.0,50.346153846153854,1,,,55,52,0,12,0.9454545454545454,0,0,18,8,16,1,10,0.38461538461538464,1,5,3,2.0,12,8,0,1,1,3,0.0,1,
526,Qtoken,0xea01906800000000000000000000000000000000,blockchain/contracts/collected/Qtoken_0xea019068.sol,,manual,0,0,0,0,0,0,0,0,0,0,0,0,0,0,0,0,0,0,0,0,0,0,1,0,0,0,0,19,7,7,0,3,0,0,6,0,16,3,0,0,4,1,19.0,85.975,0,,,44,36,0,8,0.8181818181818182,0,7,11,9,2,1,7,0.7777777777777778,0,8,1,0.2222222222222222,8,7,5,1,3,14,1.6666666666666667,7,
528,Token,0xa37f4d2d00000000000000000000000000000000,blockchain/contracts/collected/Token_0xa37f4d2d.sol,,manual,1,1,0,0,1,1,1,0,0,0,0,0,0,0,0,0,0,1,0,0,1,1,1,0,0,3,4,24,35,29,1,25,0,2,5,2,28,15,7,4,16,4,74.0,178.0625,1,,,151,145,0,21,0.9602649006622517,0,11,52,21,33,3,35,0.5147058823529411,0,14,7,1.5714285714285714,18,29,5,1,5,20,1.0,10,
529,Token,0x00869e8e00000000000000000000000000000000,blockchain/contracts/collected/Token_0x00869e8e.sol,,manual,0,0,1,1,0,1,0,1,0,0,0,0,1,0,0,0,0,1,0,0,0,1,1,0,0,1,16,42,0,6,0,7,0,0,0,3,20,44,17,5,17,6,132.0,394.44705882352946,1,,,25,23,0,8,0.92,0,2,10,4,6,1,0,0.0,1,2,2,1.5,6,6,1,1,0,7,0.0,2,
530,IMXToken,0xf57e7e7c00000000000000000000000000000000,blockchain/contracts/collected/IMXToken_0xf57e7e7c.sol,,manual,0,0,0,0,0,0,0,0,0,0,0,0,0,0,0,0,0,0,0,0,0,0,1,0,0,0,0,14,0,1,1,1,0,0,0,3,10,4,0,0,4,1,14.0,44.8,0,,,9,6,0,3,0.6666666666666666,0,0,3,3,6,1,0,0.0,1,2,1,2.0,4,1,0,1,0,3,0.0,2,
534,URQAToken,0x1735db6a00000000000000000000000000000000,blockchain/contracts/collected/URQAToken_0x1735db6a.sol,,manual,0,0,0,0,0,0,0,0,0,0,0,0,0,0,0,0,0,0,0,0,0,1,1,1,0,0,8,27,0,0,0,4,0,0,0,2,14,21,8,0,6,2,67.0,320.4833333333333,1,,,18,15,1,5,0.8333333333333334,0,1,7,4,6,1,0,0.0,1,2,2,1.5,5,0,0,0,0,5,0.0,2,
535,ZERO,0xf093901100000000000000000000000000000000,blockchain/contracts/collected/ZERO_0xf0939011.sol,,manual,0,0,1,0,0,0,0,0,0,0,0,0,0,0,1,0,0,0,0,0,0,0,1,0,0,0,0,7,12,16,1,3,0,0,5,1,4,3,0,0,5,3,7.0,8.54,1,,,77,60,0,9,0.7792207792207793,0,6,20,18,29,3,12,0.2926829268292683,0,11,7,1.6111111111111112,11,16,9,1,1,44,9.0,15,
536,KryllToken,0x464ebe7700000000000000000000000000000000,blockchain/contracts/collected/KryllToken_0x464ebe77.sol,,manual,0,0,0,0,0,0,0,0,0,0,0,0,0,0,0,0,0,0,0,0,0,0,1,0,0,0,0,57,6,19,0,1,0,0,1,2,51,9,0,0,8,1,57.0,408.2625,1,,,50,45,0,16,0.9,0,0,5,5,7,1,6,0.46153846153846156,0,3,2,1.4,6,19,2,1,0,8,0.0,2,
537,Contract,0x2b7c0fa700000000000000000000000000000000,blockchain/contracts/collected/Contract_0x2b7c0fa7.sol,,manual,1,1,0,0,1,1,1,0,0,0,0,0,0,0,0,0,0,1,0,0,0,1,1,0,0,3,2,26,29,29,1,25,0,1,5,2,23,16,5,3,13,4,66.0,173.63076923076923,1,,,178,167,2,25,0.9382022471910112,0,12,62,27,42,3,29,0.4084507042253521,0,20,7,1.5555555555555556,19,29,8,1,5,24,1.6,14,
538,AdminUpgradeabilityProxy,0x6de037ef00000000000000000000000000000000,blockchain/contracts/collected/AdminUpgradeabilityProxy_0x6de037ef.sol,,manual,0,0,0,1,0,0,0,0,0,0,0,0,0,0,1,0,0,1,0,0,0,0,1,0,0,0,3,13,1,1,1,1,1,2,0,2,13,3,3,0,6,4,28.0,70.46666666666665,1,,,32,22,0,4,0.6875,0,2,10,10,20,1,1,0.047619047619047616,1,6,4,2.0,10,1,1,1,1,7,1.0,5,
539,TidalToken,0x29cbd05100000000000000000000000000000000,blockchain/contracts/collected/TidalToken_0x29cbd051.sol,,manual,0,0,0,1,0,0,0,0,0,0,0,0,0,0,1,0,0,1,0,0,0,0,1,1,0,0,0,30,0,0,0,1,0,0,0,2,16,14,0,0,8,4,30.0,96.75,1,,,4,2,0,1,0.5,0,0,2,2,3,1,0,0.0,0,2,0,1.5,3,0,0,0,0,1,0.0,1,
541,ZumToken,0xe0b9bcd500000000000000000000000000000000,blockchain/contracts/collected/ZumToken_0xe0b9bcd5.sol,,manual,0,0,0,0,0,0,0,0,0,0,0,0,0,0,0,1,0,1,0,0,0,0,1,0,0,0,1,10,18,7,0,4,0,1,12,2,11,2,1,1,8,3,15.0,23.25,1,,,80,64,1,12,0.8,0,9,20,17,15,2,18,0.5454545454545454,1,13,4,0.8823529411764706,7,7,9,1,7,24,1.2857142857142858,13,
543,ERC1967Proxy,0x41545f8b00000000000000000000000000000000,blockchain/contracts/collected/ERC1967Proxy_0x41545f8b.sol,,manual,0,0,0,1,0,0,1,0,0,0,0,0,0,0,1,0,0,1,0,0,0,1,1,0,0,6,4,34,1,0,0,1,0,1,0,1,18,26,10,0,10,5,114.0,412.67999999999995,1,,,8,5,0,2,0.625,0,1,3,3,4,1,1,0.2,0,1,2,1.3333333333333333,5,0,0,1,0,2,0.0,1,
544,Spell,0x090185f200000000000000000000000000000000,blockchain/contracts/collected/Spell_0x090185f2.sol,,manual,0,0,1,0,0,0,0,0,0,0,0,0,0,0,1,0,0,0,0,0,0,0,1,0,0,0,0,11,1,5,0,1,0,0,1,2,7,4,0,0,6,3,11.0,17.966666666666665,1,,,11,9,0,6,0.8181818181818182,0,0,2,2,2,1,1,0.3333333333333333,0,1,1,1.0,3,5,1,1,0,2,0.0,1,
546,BabyNeiro,0x303c89f300000000000000000000000000000000,blockchain/contracts/collected/BabyNeiro_0x303c89f3.sol,,manual,1,0,1,1,0,0,1,0,0,0,0,0,0,0,0,0,0,1,0,0,1,0,1,0,0,1,0,56,13,20,0,29,1,1,2,2,37,20,1,0,13,5,66.0,258.9230769230769,1,,,185,176,0,27,0.9513513513513514,0,3,58,24,37,2,13,0.26,1,19,5,1.5416666666666667,18,20,14,1,4,22,3.5,15,
549,XAI,0x35e78b3900000000000000000000000000000000,blockchain/contracts/collected/XAI_0x35e78b39.sol,,manual,0,0,0,1,0,0,0,0,0,0,0,0,0,0,1,0,0,1,0,0,0,0,1,1,0,0,0,30,0,0,0,1,0,0,0,3,16,14,0,0,7,4,30.0,110.57142857142857,1,,,3,2,0,2,0.6666666666666666,0,0,1,1,2,1,0,0.0,1,1,0,2.0,1,0,0,0,0,0,0.0,0,
550,TracToken,0xaa7a9ca800000000000000000000000000000000,blockchain/contracts/collected/TracToken_0xaa7a9ca8.sol,,manual,1,0,1,0,0,0,0,1,0,0,0,0,0,0,0,0,0,0,0,0,0,0,1,0,0,10,10,23,15,16,1,17,0,0,6,2,22,24,20,1,9,4,173.0,745.8222222222221,1,,,102,102,1,17,1.0,0,5,34,11,16,1,15,0.4838709677419355,1,9,2,1.4545454545454546,8,16,1,1,10,12,0.1,5,
551,MiniMeToken,0x5a98fcbe00000000000000000000000000000000,blockchain/contracts/collected/MiniMeToken_0x5a98fcbe.sol,,manual,1,0,0,0,0,0,1,1,0,0,0,0,0,0,1,0,0,1,0,0,0,0,1,0,0,1,2,55,12,12,0,12,0,1,0,1,52,11,3,0,13,6,75.0,344.42307692307696,1,,,157,142,2,15,0.9044585987261147,1,29,58,22,33,3,12,0.26666666666666666,0,16,6,1.5,11,12,10,1,8,44,1.25,19,
554,Sharev3,0x024b6e7d00000000000000000000000000000000,blockchain/contracts/collected/Sharev3_0x024b6e7d.sol,,manual,0,0,0,1,0,0,0,0,0,0,0,0,0,0,1,0,0,1,0,0,0,0,1,1,0,0,0,33,1,1,0,1,0,0,1,3,18,15,0,0,8,4,33.0,117.5625,1,,,18,13,0,7,0.7222222222222222,0,1,5,5,11,1,1,0.08333333333333333,1,4,1,2.2,6,1,1,1,0,5,0.0,3,
556,LOKA,0x61e90a5000000000000000000000000000000000,blockchain/contracts/collected/LOKA_0x61e90a50.sol,,manual,0,0,1,0,0,0,0,1,0,0,0,0,0,0,0,0,0,1,0,0,0,0,1,0,0,1,1,8,1,1,0,1,0,0,0,2,6,5,2,1,7,4,23.0,31.21428571428571,1,,,22,15,0,4,0.6818181818181818,0,1,7,7,11,1,1,0.08333333333333333,1,6,1,1.5714285714285714,6,1,3,1,0,17,0.0,7,
557,BlockBlend,0x0a44a7cc00000000000000000000000000000000,blockchain/contracts/collected/BlockBlend_0x0a44a7cc.sol,,manual,1,1,1,1,1,1,1,0,0,0,0,0,1,0,1,0,0,0,0,0,0,0,1,1,0,2,6,66,11,15,0,17,0,2,1,2,53,28,8,7,19,7,116.0,443.2421052631579,1,,,121,115,0,26,0.9504132231404959,0,0,39,17,27,2,11,0.2894736842105263,1,12,5,1.588235294117647,12,15,9,1,5,19,1.8,11,
558,InitializedProxy,0xdffa3a7f00000000000000000000000000000000,blockchain/contracts/collected/InitializedProxy_0xdffa3a7f,,manual,0,0,0,1,0,0,0,0,0,0,0,0,0,0,1,0,0,0,0,0,0,0,1,0,0,0,0,5,1,1,0,3,1,2,0,0,4,1,0,0,4,3,5.0,5.875,1,,,25,23,0,16,0.92,0,0,5,3,10,1,1,0.09090909090909091,0,3,0,3.3333333333333335,11,1,1,1,1,2,1.0,1,
559,UnFederalReserveToken,0x5218e47200000000000000000000000000000000,blockchain/contracts/collected/UnFederalReserveToken_0x5218e472.sol,,manual,0,0,1,1,0,0,0,0,0,0,0,0,0,0,1,0,0,1,0,0,0,0,1,0,0,0,1,28,5,6,0,14,0,0,2,2,13,16,1,0,9,5,33.0,88.73333333333332,1,,,95,91,2,19,0.9578947368421052,1,12,38,12,20,5,5,0.2,0,6,6,1.6666666666666667,12,6,4,1,0,24,0.0,10,
561,Chain,0xa2cd3d4300000000000000000000000000000000,blockchain/contracts/collected/Chain_0xa2cd3d43.sol,,manual,1,0,1,0,0,1,1,1,0,0,0,0,0,0,1,0,0,1,0,0,0,0,1,0,0,1,2,20,6,10,0,14,0,0,3,2,9,14,3,0,12,6,40.0,62.666666666666664,1,,,104,99,2,19,0.9519230769230769,1,13,39,13,25,5,6,0.1935483870967742,1,7,6,1.9230769230769231,13,10,5,1,1,26,5.0,10,
562,ERC20Token,0x723cbfc000000000000000000000000000000000,blockchain/contracts/collected/ERC20Token_0x723cbfc0.sol,,manual,0,0,0,0,0,0,0,1,0,0,0,0,0,0,1,0,0,1,0,0,0,0,1,0,0,1,0,29,0,1,0,3,0,0,0,5,24,9,1,0,7,4,39.0,168.81428571428572,1,,,8,6,0,3,0.75,0,0,5,3,2,1,0,0.0,1,1,2,0.6666666666666666,3,1,0,0,0,6,0.0,1,
563,MonethaToken,0xaf4dce1600000000000000000000000000000000,blockchain/contracts/collected/MonethaToken_0xaf4dce16.sol,,manual,0,0,1,0,0,0,0,0,0,0,0,0,0,0,0,0,0,0,0,0,0,0,1,0,0,0,0,23,0,15,0,5,0,0,0,1,12,11,0,0,8,2,23.0,56.6375,1,,,57,51,0,10,0.8947368421052632,0,4,18,10,13,2,0,0.0,0,7,3,1.3,7,15,6,1,0,13,0.0,7,
566,RibbonToken,0x6123b00400000000000000000000000000000000,blockchain/contracts/collected/RibbonToken_0x6123b004.sol,,manual,0,0,0,0,0,0,0,0,0,0,0,0,0,0,0,0,0,1,0,0,0,0,1,0,0,0,0,15,0,4,3,1,0,0,0,3,10,5,0,0,5,2,15.0,40.5,0,,,21,15,0,6,0.7142857142857143,0,0,6,6,9,1,0,0.0,1,3,3,1.5,8,4,1,1,0,10,0.0,4,
567,Coin98,0xae12c59300000000000000000000000000000000,blockchain/contracts/collected/Coin98_0xae12c593.sol,,manual,0,0,0,0,0,0,0,0,0,0,0,0,0,0,0,0,0,1,0,0,0,0,1,0,0,0,0,18,10,7,0,1,0,0,9,1,7,13,0,2,6,2,18.0,48.3,0,,,77,54,0,6,0.7012987012987013,0,11,23,23,32,3,10,0.23809523809523808,0,17,6,1.391304347826087,14,7,8,1,5,35,1.6,16,
569,CErc20Delegator,0x4b01811000000000000000000000000000000000,blockchain/contracts/collected/CErc20Delegator_0x4b018110,,manual,1,0,0,1,0,0,1,0,1,0,0,0,0,0,1,0,0,0,0,0,1,0,1,0,0,2,3,42,71,0,0,3,3,1,0,2,57,6,5,0,12,6,77.0,392.7,1,,,132,94,0,7,0.7121212121212122,0,34,41,39,105,2,71,0.4034090909090909,0,37,2,2.6923076923076925,5,0,28,1,5,51,5.6,29,
572,MiniMeToken,0x3f382dbd00000000000000000000000000000000,blockchain/contracts/collected/MiniMeToken_0x3f382dbd.sol,,manual,1,0,0,0,0,0,1,1,0,0,0,0,0,0,1,0,0,1,0,0,0,0,1,0,0,1,2,55,12,12,0,12,0,1,0,1,52,11,3,0,13,6,75.0,344.42307692307696,1,,,157,142,2,15,0.9044585987261147,1,29,58,22,33,3,12,0.26666666666666666,0,16,6,1.5,11,12,10,1,8,44,1.25,19,
574,DssToken,0x213c53c900000000000000000000000000000000,blockchain/contracts/collected/DssToken_0x213c53c9.sol,,manual,1,0,0,1,0,0,1,1,0,0,0,0,0,0,1,0,0,1,0,0,0,0,1,1,0,2,11,90,0,0,0,1,0,0,0,2,58,50,13,4,18,5,165.0,852.5,1,,,6,4,0,2,0.6666666666666666,0,0,2,2,4,1,0,0.0,0,2,0,2.0,3,0,0,0,0,4,0.0,2,
575,Share,0x5bb29c3300000000000000000000000000000000,blockchain/contracts/collected/Share_0x5bb29c33.sol,,manual,0,0,0,1,0,0,0,0,0,0,0,0,0,0,1,0,0,1,0,0,0,0,1,1,0,0,0,32,0,0,0,1,0,0,0,3,18,14,0,0,7,4,32.0,127.08571428571427,1,,,15,11,0,5,0.7333333333333333,0,1,4,4,9,1,0,0.0,1,4,0,2.25,3,0,0,0,0,5,0.0,3,
576,GEEQToken,0x6b9f031d00000000000000000000000000000000,blockchain/contracts/collected/GEEQToken_0x6b9f031d.sol,,manual,0,0,0,0,0,0,0,0,0,0,0,0,0,0,0,0,0,0,0,0,0,0,1,0,0,0,0,8,14,11,0,3,0,0,7,1,6,4,0,0,6,1,8.0,11.733333333333333,0,,,84,69,0,7,0.8214285714285714,0,9,28,18,11,2,14,0.56,0,17,1,0.6111111111111112,10,11,8,1,6,19,1.3333333333333333,10,
579,PillarToken,0xe381850400000000000000000000000000000000,blockchain/contracts/collected/PillarToken_0xe3818504.sol,,manual,0,0,1,0,1,1,0,0,0,0,0,0,0,0,0,1,0,0,1,0,0,0,1,0,0,0,11,67,17,27,2,13,0,3,8,1,61,21,11,2,16,6,122.0,577.2125,1,,,138,125,0,19,0.9057971014492754,0,22,48,14,18,1,17,0.4857142857142857,0,12,2,1.2857142857142858,9,27,3,1,4,6,0.75,3,
580,BeaconProxy,0x98968f0700000000000000000000000000000000,blockchain/contracts/collected/BeaconProxy_0x98968f07.sol,,manual,0,0,0,1,0,0,0,0,0,0,0,0,0,0,1,0,0,0,0,0,0,1,1,0,0,0,1,22,5,1,0,3,0,1,2,1,14,9,1,0,5,4,27.0,109.62,1,,,21,17,0,8,0.8095238095238095,0,1,7,5,8,4,5,0.38461538461538464,0,1,4,1.6,6,1,1,1,1,4,1.0,2,
581,CosmosERC20,0xc0a4df3500000000000000000000000000000000,blockchain/contracts/collected/CosmosERC20_0xc0a4df35,,manual,0,0,0,0,0,0,0,0,0,0,0,0,0,0,0,0,0,0,0,0,0,0,1,0,0,0,0,2,0,0,0,0,0,0,0,0,2,0,0,0,1,1,2.0,4.0,0,,,0,0,0,0,0.0,0,0,0,0,0,0,0,0.0,0,0,0,0.0,0,0,0,0,0,0,0.0,0,
582,NuCypherToken,0x4fe8321300000000000000000000000000000000,blockchain/contracts/collected/NuCypherToken_0x4fe83213.sol,,manual,0,0,0,0,0,0,0,0,0,0,0,0,0,0,0,0,0,1,0,0,0,0,1,0,0,0,0,13,1,0,0,1,0,0,0,2,8,5,0,0,4,2,13.0,37.375,0,,,6,4,0,3,0.6666666666666666,0,1,2,2,2,1,1,0.3333333333333333,0,2,0,1.0,2,0,1,0,1,4,1.0,2,
584,AdminUpgradeabilityProxy,0xd714d91a00000000000000000000000000000000,blockchain/contracts/collected/AdminUpgradeabilityProxy_0xd714d91a.sol,,manual,0,0,0,1,0,0,0,0,1,0,0,0,0,0,1,0,0,1,0,0,0,0,1,0,0,7,0,25,0,0,0,1,0,1,0,3,22,10,7,0,9,5,95.0,306.1111111111111,1,,,8,5,0,3,0.625,0,0,3,3,5,1,0,0.0,1,1,2,1.6666666666666667,4,0,0,1,0,3,0.0,1,
585,AdminUpgradeabilityProxy,0xd291e7a000000000000000000000000000000000,blockchain/contracts/collected/AdminUpgradeabilityProxy_0xd291e7a0.sol,,manual,0,0,0,1,0,0,0,0,0,0,0,0,0,0,1,0,0,1,0,0,0,0,1,0,0,6,0,14,1,1,1,1,1,2,0,2,12,8,6,0,7,4,74.0,186.05714285714282,1,,,39,29,0,5,0.7435897435897436,0,2,10,10,22,2,1,0.043478260869565216,1,6,4,2.2,10,1,1,1,1,8,1.0,5,
586,AToken,0x71fc860f00000000000000000000000000000000,blockchain/contracts/collected/AToken_0x71fc860f.sol,,manual,1,1,1,1,1,1,1,0,1,0,1,0,1,0,1,0,0,1,0,0,1,1,1,0,0,9,26,429,30,10,2,7,0,0,18,2,398,75,35,2,31,9,649.0,9431.435483870966,1,,,164,150,0,19,0.9146341463414634,0,16,51,23,40,4,30,0.42857142857142855,1,15,8,1.7391304347826086,12,10,13,1,1,39,13.0,21,
587,ANTv2,0xa117000000000000000000000000000000000000,blockchain/contracts/collected/ANTv2_0xa1170000.sol,,manual,0,0,1,0,0,0,0,0,0,0,0,0,0,0,1,0,0,0,0,0,0,0,1,1,0,0,0,8,11,14,1,3,0,0,5,1,6,2,0,0,4,3,8.0,14.8,1,,,74,57,0,8,0.7702702702702703,0,6,20,18,28,3,11,0.28205128205128205,0,11,7,1.5555555555555556,12,14,9,1,1,44,9.0,15,
588,ConvergenceToken,0xc834fa9900000000000000000000000000000000,blockchain/contracts/collected/ConvergenceToken_0xc834fa99.sol,,manual,0,0,0,0,0,0,0,0,0,0,0,0,0,0,0,0,0,0,0,0,0,0,1,1,0,0,0,23,0,1,0,1,0,0,0,2,8,15,0,0,5,1,23.0,85.1,1,,,4,2,0,2,0.5,0,0,2,2,2,1,0,0.0,0,1,1,1.0,3,1,0,1,0,1,0.0,1,
589,PolyToken,0x9992ec3c00000000000000000000000000000000,blockchain/contracts/collected/PolyToken_0x9992ec3c.sol,,manual,0,0,0,0,0,0,0,0,0,0,0,0,0,0,0,0,0,0,0,0,0,0,1,0,0,0,0,19,7,7,0,3,0,0,6,1,18,3,0,0,5,1,19.0,76.38,0,,,45,36,0,8,0.8,0,7,12,10,3,1,7,0.7,0,8,2,0.3,8,7,6,1,3,15,2.0,8,
590,AergoErc20,0x91af0fbb00000000000000000000000000000000,blockchain/contracts/collected/AergoErc20_0x91af0fbb.sol,,manual,0,0,0,1,0,0,0,0,0,0,0,0,0,0,1,0,0,1,0,0,0,0,1,0,0,0,0,28,0,2,1,1,0,0,0,2,12,16,0,0,7,4,28.0,92.8,1,,,47,36,0,4,0.7659574468085106,0,6,11,11,30,1,0,0.0,1,11,0,2.727272727272727,6,2,2,1,0,14,0.0,8,
591,AdminUpgradeabilityProxy,0x3d65839000000000000000000000000000000000,blockchain/contracts/collected/AdminUpgradeabilityProxy_0x3d658390.sol,,manual,0,0,0,1,0,0,0,0,0,0,0,0,0,0,1,0,0,1,0,0,0,0,1,0,0,0,0,19,0,0,0,1,0,1,0,3,17,2,0,0,6,4,19.0,58.26666666666666,1,,,6,4,0,3,0.6666666666666666,0,0,2,2,4,1,0,0.0,1,1,1,2.0,4,0,0,1,0,3,0.0,1,
592,ATAToken,0xa2120b9e00000000000000000000000000000000,blockchain/contracts/collected/ATAToken_0xa2120b9e,,manual,0,0,0,0,0,0,0,0,0,0,0,0,0,0,0,0,0,0,0,0,0,0,1,0,0,0,0,2,0,0,0,0,0,0,0,0,2,0,0,0,1,1,2.0,4.0,0,,,0,0,0,0,0.0,0,0,0,0,0,0,0,0.0,0,0,0,0.0,0,0,0,0,0,0,0.0,0,
593,CakeOFT,0x152649ea00000000000000000000000000000000,blockchain/contracts/collected/CakeOFT_0x152649ea,,manual,0,0,0,0,0,0,0,0,0,0,0,0,0,0,0,0,0,0,0,0,0,0,1,0,0,0,0,2,0,0,0,0,0,0,0,0,2,0,0,0,1,1,2.0,4.0,0,,,0,0,0,0,0.0,0,0,0,0,0,0,0,0.0,0,0,0,0.0,0,0,0,0,0,0,0.0,0,
594,Zeta,0xf091867e00000000000000000000000000000000,blockchain/contracts/collected/Zeta_0xf091867e.sol,,manual,0,0,0,0,0,0,0,0,0,0,0,0,0,0,0,0,0,1,0,0,0,0,1,0,0,0,0,6,0,0,0,1,0,0,0,3,4,2,0,0,3,2,6.0,10.8,0,,,3,2,0,2,0.6666666666666666,0,0,1,1,3,1,0,0.0,1,1,0,3.0,2,0,0,0,0,3,0.0,1,
596,RariToken,0xfca59cd800000000000000000000000000000000,blockchain/contracts/collected/RariToken_0xfca59cd8.sol,,manual,0,0,0,0,0,0,0,0,0,0,0,0,0,0,0,0,0,0,0,0,0,0,1,0,0,0,0,12,0,4,0,1,0,0,0,3,3,9,0,0,3,1,12.0,37.2,0,,,13,8,0,4,0.6153846153846154,0,1,5,5,4,1,0,0.0,0,3,2,0.8,6,4,0,1,0,2,0.0,1,
597,SwftCoin,0x0bb217e400000000000000000000000000000000,blockchain/contracts/collected/SwftCoin_0x0bb217e4.sol,,manual,0,0,0,0,1,0,0,0,0,0,0,0,0,0,0,0,0,0,0,0,0,0,1,0,0,0,2,41,1,3,0,9,0,1,0,1,42,4,2,1,10,3,51.0,228.48,1,,,66,57,0,13,0.8636363636363636,0,11,29,9,4,1,1,0.2,0,8,1,0.4444444444444444,7,3,6,1,1,16,6.0,7,
598,MainToken,0x97a9bac000000000000000000000000000000000,blockchain/contracts/collected/MainToken_0x97a9bac0.sol,,manual,0,0,1,0,0,0,0,0,0,0,0,0,0,0,1,0,0,0,0,0,0,0,1,0,0,0,1,50,0,1,0,10,0,0,0,2,40,11,1,3,8,3,55.0,327.9375,1,,,48,43,2,14,0.8958333333333334,1,5,18,9,11,2,0,0.0,1,6,3,1.2222222222222223,11,1,0,1,0,5,0.0,2,
601,ERC20,0x5d60d8d700000000000000000000000000000000,blockchain/contracts/collected/ERC20_0x5d60d8d7.sol,,manual,0,1,0,0,0,1,1,1,0,0,0,0,0,0,0,1,0,0,0,0,0,0,1,0,0,2,1,32,11,6,0,1,0,1,6,1,33,7,3,0,13,5,57.0,166.17692307692312,1,,,52,41,0,7,0.7884615384615384,0,9,11,11,3,1,11,0.7857142857142857,0,11,0,0.2727272727272727,10,6,7,1,5,20,1.4,9,
605,VaultProxy,0x053c80eA00000000000000000000000000000000,blockchain/contracts/collected/VaultProxy_0x053c80eA.sol,,manual,0,0,0,1,0,0,0,0,0,0,0,0,0,0,1,0,0,1,0,0,0,0,1,1,0,0,0,13,3,0,0,1,1,0,0,2,13,0,0,0,5,4,13.0,33.800000000000004,1,,,15,11,0,9,0.7333333333333333,0,1,4,4,5,1,3,0.375,0,3,1,1.25,6,0,0,0,1,1,0.0,1,
607,CErc20Delegator,0x2Db6c82C00000000000000000000000000000000,blockchain/contracts/collected/CErc20Delegator_0x2Db6c82C,,manual,1,0,0,1,0,0,1,0,1,0,0,0,0,0,1,0,0,0,0,0,1,0,1,0,0,2,1,76,10,0,0,3,4,1,0,2,90,6,3,0,12,6,101.0,792.85,1,,,137,98,0,7,0.7153284671532847,0,3,42,40,43,2,10,0.18867924528301888,0,36,4,1.075,6,0,4,1,4,50,1.0,28,
609,MasterChef,0xbD17B1ce00000000000000000000000000000000,blockchain/contracts/collected/MasterChef_0xbD17B1ce.sol,,manual,1,0,0,1,0,0,1,1,0,0,0,0,0,0,1,0,0,1,0,0,0,0,1,1,0,2,9,84,49,10,0,5,0,0,23,2,47,50,11,2,17,5,149.0,718.7058823529412,1,,,120,109,1,12,0.9083333333333333,0,7,39,18,18,3,49,0.7313432835820896,0,15,3,1.0,9,10,14,1,9,27,1.5555555555555556,14,
610,EtherDelta,0x8d12A19700000000000000000000000000000000,blockchain/contracts/collected/EtherDelta_0x8d12A197.sol,,manual,1,0,0,1,0,1,1,0,0,0,0,0,0,0,0,0,0,0,1,0,0,0,1,0,0,0,1,56,5,9,0,7,1,1,0,1,42,17,1,0,12,4,61.0,273.9916666666667,1,,,139,122,0,10,0.8776978417266187,0,26,68,20,23,2,5,0.17857142857142858,0,19,1,1.15,15,9,14,1,4,83,3.5,18,
611,ZRXToken,0xE41d248900000000000000000000000000000000,blockchain/contracts/collected/ZRXToken_0xE41d2489.sol,,manual,0,0,0,0,0,0,0,0,0,0,0,0,0,0,0,0,0,1,0,0,0,0,1,0,0,1,0,16,0,4,0,1,0,0,0,3,18,0,1,0,5,2,26.0,93.6,1,,,7,4,0,3,0.5714285714285714,0,0,3,3,0,0,0,0.0,0,1,2,0.0,3,4,0,1,0,0,0.0,0,
612,TronToken,0xf230b79000000000000000000000000000000000,blockchain/contracts/collected/TronToken_0xf230b790.sol,,manual,0,0,0,0,0,0,0,0,0,0,0,0,0,0,0,0,0,0,0,0,0,0,1,0,0,0,0,13,0,9,3,1,0,0,0,0,15,1,0,0,5,1,13.0,40.82,0,,,53,43,0,10,0.8113207547169812,0,3,10,10,13,1,0,0.0,0,8,2,1.3,7,9,6,1,0,10,0.0,6,
613,WBTC,0x2260FAC500000000000000000000000000000000,blockchain/contracts/collected/WBTC_0x2260FAC5.sol,,manual,0,1,0,0,0,0,0,0,0,0,0,0,0,0,0,0,0,0,0,0,0,0,1,0,0,1,0,57,0,0,0,1,0,0,0,3,52,7,1,0,7,2,67.0,544.6142857142856,1,,,11,7,0,2,0.6363636363636364,0,1,4,4,5,1,0,0.0,1,3,1,1.25,3,0,0,0,0,1,0.0,1,
614,Dai,0x6B17547400000000000000000000000000000000,blockchain/contracts/collected/Dai_0x6B175474.sol,,manual,0,0,1,0,0,0,0,0,0,0,0,0,0,0,0,0,0,0,0,0,0,0,1,0,0,0,0,4,3,11,1,3,0,0,0,1,3,1,0,0,3,2,4.0,4.933333333333334,0,,,68,56,0,10,0.8235294117647058,0,3,21,15,24,3,3,0.1111111111111111,0,12,3,1.6,10,11,8,1,0,33,0.0,14,
615,VEN,0xd850942e00000000000000000000000000000000,blockchain/contracts/collected/VEN_0xd850942e.sol,,manual,1,0,1,0,1,1,1,0,0,0,0,0,0,0,1,0,0,0,0,0,0,0,1,0,0,1,3,50,24,7,0,5,0,0,14,1,42,14,4,1,13,5,75.0,298.84615384615387,1,,,82,69,0,9,0.8414634146341463,0,13,28,16,14,2,24,0.631578947368421,0,14,2,0.875,13,7,8,1,1,20,8.0,10,
